,A,B,C,D
2000-01-01,-0.19698066042049545,1.3886644261039505,0.6835457255358578,0.15117192860815457
2000-01-02,-0.09324211343209556,1.0102563765958585,0.5788070806932657,-0.6358430936119611
2000-01-03,0.5870213452820406,0.8448508911474155,2.657336833482342,-0.37377241717719284
2000-01-04,0.30124908157082764,0.8137927905890071,1.652777291169612,-0.08936682459257678
2000-01-05,-0.9207494995613205,0.9480258698222321,1.6263109051824713,1.5575372988752203
2000-01-06,-1.7888875260156536,-0.0620523337766099,1.2945077248305261,2.5608837935501363
2000-01-07,-2.8492147762268845,-0.25209166080583073,-0.4738679216312556,2.0425979210652683
2000-01-08,-0.5859716719087915,-0.3090103038921652,-1.1994559203056805,2.362021478606514
2000-01-09,-0.45034311395953974,-0.3201027370225109,-0.3928970894556797,2.940715607350778
2000-01-10,-1.8270949036117528,-1.318923627281378,-0.42764342286838,2.7495039427771504
2000-01-11,-1.0518467638720836,0.21484371564052496,-0.6565436686877533,1.4600616868036254
2000-01-12,-1.1516910069754913,1.6526306976296132,-0.07557607250870713,3.3019205112533427
2000-01-13,-0.5988633069174931,1.450084360831112,-0.496920147038955,3.7193070317832024
2000-01-14,-1.3595665389380094,1.6903411288404624,-3.0702589354795085,4.516139184364502
2000-01-15,-1.5773690035010648,2.532977016243345,-3.033778960965841,6.278305569492477
2000-01-16,-0.9088431533868415,3.303654818392951,-2.0352268052854696,5.655822709034901
2000-01-17,-1.0884393210334151,3.2841660189364026,-1.948077378554122,5.996120166654657
2000-01-18,-2.7422452027349085,4.301618578686464,-2.587103801872468,5.625513083848109
2000-01-19,-4.120160032378196,2.3915932658356946,-2.33179811029527,5.779038238091687
2000-01-20,-4.520014384747227,2.7881202963935787,-0.9143637439920806,7.252554347086914
2000-01-21,-2.381817249436398,2.7315842526165732,0.16915466928598866,4.063684766914109
2000-01-22,-4.7664435847066775,3.1344987225363514,0.6950441524215933,2.434599120264382
2000-01-23,-5.773964408142728,4.600445062437911,0.5350315127891946,1.5522669627445604
2000-01-24,-5.995755317582931,5.148453445475379,0.32186264604335196,0.5149240993294626
2000-01-25,-5.096752837548795,3.5731128824958684,-0.20247959872726656,-0.7024058318194837
2000-01-26,-6.0434606294533735,3.1572346603565133,-1.866918357593044,-0.6075883750102213
2000-01-27,-6.447544096643813,2.0635113684288413,-0.38812086109904276,-0.6523162556279571
2000-01-28,-6.9498568860505,2.315709828660093,-0.7805889651381066,-2.455672615493826
2000-01-29,-7.40885779838664,0.3432547639672656,-0.052255097635773295,-1.267312459483975
2000-01-30,-7.4356367967082635,-0.7657271470469185,0.9737490326611397,-1.243965869183508
2000-01-31,-6.2262120513853745,-2.2673769514637465,1.4670279268273008,-2.2939761857477876
2000-02-01,-5.961354098117216,0.40003850395343576,0.7940153841721854,-1.0140012088191128
2000-02-02,-7.293620626655748,-0.0297818590427954,0.5063955422738986,-0.5559748100054613
2000-02-03,-8.000868666291339,1.6269315917961782,1.9550935547876596,0.06972572695699564
2000-02-04,-8.672289353492646,1.093698709908017,1.6226620653932256,0.45601127870306535
2000-02-05,-7.170974725077368,1.4304729300111285,2.3194762939438776,0.3100043949210177
2000-02-06,-7.223546337431941,1.9832908258688318,2.396056523121892,1.1713898150630426
2000-02-07,-7.4597132386927925,3.3076216096831565,3.256756829837613,2.575794553561082
2000-02-08,-8.6353465673748,4.369150006573664,4.871610905098047,5.088277798522602
2000-02-09,-10.924797358536093,2.298944283606246,3.9761693176930866,4.66472037725718
2000-02-10,-11.757754267611942,1.0809007285960532,2.788075937412215,6.08091194378099
2000-02-11,-10.82146604491027,0.5817902343152492,2.773660486633048,5.4450279998422495
2000-02-12,-11.760078455068587,-0.5570513684219693,3.5516106989040823,5.860474372108278
2000-02-13,-10.400581497446534,0.7549396358876568,2.6776598347894014,4.764799972524903
2000-02-14,-9.688845227024682,1.8311850567135652,-0.13627248811595027,5.878385828365925
2000-02-15,-9.89546807365604,2.0883877367171135,0.8138384413016985,4.662012176903426
2000-02-16,-8.410403817785904,0.8241293915677064,-0.4041711979928667,3.9992079220805157
2000-02-17,-8.65937946971555,-0.03759072613896319,-0.6432096163226515,4.355211606093138
2000-02-18,-8.617701813215577,0.971818524878844,-0.7786419054714862,4.469252676774203
2000-02-19,-7.842127065685717,0.7730149141980762,-1.3011308839035034,6.478197589873808
2000-02-20,-7.025290896488818,0.004743754507377296,-1.3887984726218667,8.84672309029495
2000-02-21,-8.197000016553705,1.433181922255777,-2.1252861726647327,8.269400163997807
2000-02-22,-8.351964043997944,1.3959385955021806,-2.2844090128556287,8.183346318833856
2000-02-23,-9.034515733386485,1.7938065956527418,-3.347326582605135,7.2429249518011
2000-02-24,-9.484875115791045,3.099910256852524,-2.4361218877114443,4.688954716740328
2000-02-25,-9.312711754622361,1.90079832098484,-1.7809845705309568,3.006336148109139
2000-02-26,-10.118353061834766,1.7529754408087148,-3.9687958391961957,1.456408077954291
2000-02-27,-12.489556918041341,1.4972748681021726,-4.136147066516877,2.3147591621542354
2000-02-28,-12.756001146999335,1.1122830903543623,-5.810744848566019,2.6705144532433915
2000-02-29,-11.986265955507687,1.1960804072262412,-6.380143409098978,0.8629116137416986
2000-03-01,-13.202387649420595,-0.38680177161592155,-6.709314000121467,-0.0013028768034794025
2000-03-02,-12.421414708901857,-2.653906414513195,-7.0303063582505905,1.1390238813983062
2000-03-03,-10.885403076393544,-4.78714736567588,-5.454923437109094,0.9663479275507373
2000-03-04,-11.6231865651794,-4.359201615630309,-7.229319818878677,-1.1514024498850444
2000-03-05,-14.16741655045876,-3.7084923354850345,-6.410536443730345,-1.0460969592664342
2000-03-06,-14.308948674462563,-4.635296275223302,-7.953734891793925,-1.1492033522403535
2000-03-07,-15.217479460431461,-4.427627179644894,-7.080609839116139,-0.014450886396187412
2000-03-08,-14.867362268941193,-3.976227252884482,-5.702883318504253,-1.123388747998193
2000-03-09,-14.500865280728632,-3.886834297995378,-5.088268508829254,-1.60821834829993
2000-03-10,-14.492046827309485,-4.565075928934321,-4.395215824072384,-1.7014524450350639
2000-03-11,-14.541087397535836,-4.226579587707084,-5.2183008913750095,-1.7973612481614625
2000-03-12,-14.430097427233976,-3.8405969632745434,-5.263697781284362,-1.0240987491582718
2000-03-13,-16.618351571391404,-4.178759422019637,-6.25643181042391,-2.0058248635030838
2000-03-14,-15.215255821184202,-5.0410133026464905,-5.995011406973003,-0.2630063867043262
2000-03-15,-14.070658562520194,-5.019015814075436,-4.634573608052395,0.24954551754024856
2000-03-16,-15.812415175055307,-4.861192079244101,-4.506556497368515,0.48361720889000526
2000-03-17,-16.281791833967873,-4.987162463395854,-5.56289103145607,0.42189611774593416
2000-03-18,-16.6466051615626,-6.522071271222844,-4.963879820796667,1.0166991329622013
2000-03-19,-17.899573841131186,-5.248751847205899,-7.403398789452446,-0.1270351430000889
2000-03-20,-18.931594169629207,-3.427378859371287,-7.8767657288576,0.40229015368064636
2000-03-21,-19.51196221220136,-3.0950230461609562,-7.075336919604775,1.3629155592391498
2000-03-22,-18.913132530842976,-2.7882317786606916,-8.106507356241957,1.1024703343720803
2000-03-23,-18.809241237174014,-1.02582736347631,-6.728985800368342,1.0401684936461457
2000-03-24,-18.392431399786318,-1.2466596787912256,-7.078238703070209,1.2841289335829422
2000-03-25,-20.6613135314181,-1.8429578147881243,-6.276020775764802,1.2657075904324715
2000-03-26,-18.870824919538705,-1.1932443104834567,-5.803391831735571,0.113547959549255
2000-03-27,-19.477811169874368,-1.8309663846218578,-5.555156375247335,-0.7928950099540963
2000-03-28,-19.569611456743853,-1.3513061769740773,-4.888784435270017,-0.5857631485782715
2000-03-29,-20.81617435669255,-0.3922491580857481,-5.885072232340169,-0.6281884724239423
2000-03-30,-20.96138637645957,0.4718559545212434,-7.2769035672960936,-0.784603545154116
2000-03-31,-20.297683425868925,0.8282776751582046,-7.096841499942441,-1.2290769696312656
2000-04-01,-19.470702938449598,-0.2460101053556527,-8.498177555940572,-1.7282502752143853
2000-04-02,-22.351928303773303,-1.8083648734071487,-8.24349820328546,-3.7072068650087378
2000-04-03,-22.851911034746788,-2.105762149050599,-6.901289221854926,-3.076305915675752
2000-04-04,-21.740177303888668,-2.8312547599111424,-7.133264800528166,-3.0682266096849786
2000-04-05,-22.023528561564383,-2.4757568720306993,-7.000652669591616,-1.5658741587507146
2000-04-06,-22.185310841332708,-1.3992170774434243,-6.899169014612123,-2.0379430084049615
2000-04-07,-21.85102194652525,-1.9544616122047727,-7.568325546515997,-3.31813944624293
2000-04-08,-22.0594468926991,-1.3379381529991772,-7.258309903259176,-2.066876416121148
2000-04-09,-20.624390513468768,-2.5752442808024796,-9.093759451116089,-2.84638867927939
2000-04-10,-20.23166429839338,-1.957693447932802,-9.923994524313336,-2.190380543772217
2000-04-11,-18.93598171313276,-0.2959234777182873,-9.260302584752559,-1.7773987384059282
2000-04-12,-18.35849107510241,-1.2693603225678518,-9.127481487027916,-1.4765965532885192
2000-04-13,-18.43670072583602,-1.3641892456951328,-7.882008829481366,0.21358098518584456
2000-04-14,-20.13257708540726,-1.737285061586522,-6.580539321744585,0.5860025546430987
2000-04-15,-19.550407990141903,-1.6481454406042408,-8.241102334645877,1.30554498270479
2000-04-16,-18.18483726398673,-1.8248263805101896,-7.163105691260482,3.014232606369323
2000-04-17,-18.490818866674815,-0.6412766403989596,-6.97893856448789,1.3870688711658608
2000-04-18,-18.8131623793357,0.30856774634900563,-6.574211462799548,1.1030554759389988
2000-04-19,-20.677448216270648,1.5481920639643176,-8.148580106330797,1.353228179555872
2000-04-20,-19.421885193318005,2.204826464193586,-7.687056870386746,2.0135806396229112
2000-04-21,-19.867465916397176,1.6853830901019118,-8.469173494705279,2.426397448388965
2000-04-22,-21.864595320814427,2.7435064914106,-7.25873001333945,3.194798169113472
2000-04-23,-22.079074832270233,1.9008581007325478,-6.874832987856248,4.334149819094511
2000-04-24,-22.077219536629272,3.4352764883714695,-9.040052401373586,3.6488570442469097
2000-04-25,-22.38886543892538,3.45984997746742,-6.751977976369577,3.36700432457551
2000-04-26,-21.75409373062858,2.2302151387214515,-6.724271659847005,3.126340186991911
2000-04-27,-20.868720240136412,4.21210493479317,-7.825879185893344,4.203162606764207
2000-04-28,-20.69891061950291,4.1827690329766085,-6.866473537719688,4.57142175978604
2000-04-29,-21.297694577498497,3.9366075876242905,-7.985726463742169,3.2417988562347193
2000-04-30,-22.7638571588779,5.828985623942932,-8.678220054769943,3.4472921896392204
2000-05-01,-23.407467836045498,5.757003567722696,-9.916046093560812,2.086241770042103
2000-05-02,-24.07895715653344,6.454284045242904,-10.311305990136798,2.876803757239642
2000-05-03,-24.498489466957974,7.728299926594064,-11.144297389232939,2.791787036417247
2000-05-04,-24.347475810811915,7.121688658571929,-11.643996890675885,3.0897553135740194
2000-05-05,-23.441106829806206,6.37360773714955,-11.927060821120639,2.7049105720060957
2000-05-06,-21.463804867934844,6.374317955736934,-11.620694772580139,2.9567125083660466
2000-05-07,-21.28708017176091,6.633197249457622,-10.737121904634561,1.244676446059757
2000-05-08,-21.706072078595454,6.2116030303040874,-10.538057874933612,0.1833845666118823
2000-05-09,-20.90556712605836,5.404912531513086,-9.657022345945414,0.2732040912321774
2000-05-10,-20.96405526281535,5.407321457716175,-9.77295061914699,-0.2962356741007513
2000-05-11,-23.90564045610145,5.997082117873845,-7.69953199547725,1.095852832783334
2000-05-12,-21.406704327902172,5.598506538614334,-8.055932280758826,0.11651917654112032
2000-05-13,-22.444101855870052,5.4021369457253625,-7.762329512185472,0.5075765286357847
2000-05-14,-21.98348783195457,5.350118499120611,-9.536850317779976,2.110889173084066
2000-05-15,-21.852678819100912,5.721476472894922,-9.721600646876869,2.0411607834822303
2000-05-16,-24.58698238014072,5.852820346675785,-12.041163437252775,2.70508609103724
2000-05-17,-24.978725155274166,7.078296098554586,-12.411278850461171,2.294095224746957
2000-05-18,-24.462093885951052,6.878016571871411,-12.24627314562668,2.297688431322302
2000-05-19,-24.251324799839498,6.523240314002386,-10.721536232748702,2.175311996575368
2000-05-20,-23.384705993019484,6.585035770013015,-11.053280982185356,2.9753673080026712
2000-05-21,-21.654412920542764,6.638198428393332,-9.62154439325383,3.219878845471496
2000-05-22,-21.759246198190024,6.792753335079007,-9.47930787268654,1.6123401444930467
2000-05-23,-21.120202037873145,6.9191543642324,-10.028263694830384,-0.19588940752640505
2000-05-24,-22.473838490096547,7.715092825118187,-9.405382977610751,-1.0338348593815456
2000-05-25,-22.453594221797317,7.553194694340655,-8.049999612849087,-2.1178300617483377
2000-05-26,-22.283907722369484,7.929888306035977,-8.127807933156108,-2.6086718301641514
2000-05-27,-23.07171943805628,8.70379466358374,-7.299195691040163,-3.3091341670329935
2000-05-28,-23.506963282941882,8.855703403418788,-7.30907680669025,-2.7030672534744333
2000-05-29,-23.56094804673204,10.209802705272768,-7.121224856377582,-1.9896294379930197
2000-05-30,-24.822870804155794,11.24485527572703,-6.974838241463664,-1.5772344785829024
2000-05-31,-24.452234541997516,13.783505734281643,-8.45411929988157,-0.550474396253152
2000-06-01,-23.256265464047797,14.254781432454566,-8.954254903865284,0.30549050656967625
2000-06-02,-21.71910302426597,13.951937002784254,-9.297007916445256,-0.8792765021069753
2000-06-03,-22.31172545474848,13.906914400327903,-8.836681810918341,0.28888736476323484
2000-06-04,-23.431258189092425,13.68172071019148,-9.347152005321027,-0.04332567667175413
2000-06-05,-22.912304809078183,13.818902309514868,-8.495993765434822,-0.10659622958822572
2000-06-06,-24.325337691233056,14.001037391061121,-11.041848431093266,-1.1877173583922827
2000-06-07,-24.708077939443776,14.252107263886284,-10.50477974003385,-0.14824110458753403
2000-06-08,-25.537198899091035,15.283404452118223,-9.979387269510909,0.6191946954911575
2000-06-09,-24.7580982361761,14.537192490199034,-9.33650379235356,-0.12504644553108324
2000-06-10,-25.45625292347253,14.268513992575519,-9.354622395397566,-1.4472711870790995
2000-06-11,-26.730853257876376,13.525263153037434,-9.377566710510969,0.5853819327881791
2000-06-12,-27.684127930971115,11.983840188073252,-11.23613228693786,-2.556664275526416
2000-06-13,-25.65707310113747,12.12275674693878,-11.036158629496466,-3.6770174552075416
2000-06-14,-25.284894319295756,11.549877427999194,-10.245698249997794,-3.280846123656151
2000-06-15,-22.944485808605627,10.382402107847131,-9.558502608377317,-3.7237710455701643
2000-06-16,-24.159923973115767,10.935324399586499,-9.551544616497491,-5.416806100354192
2000-06-17,-23.885052217603203,11.800487694245776,-7.2549784558973744,-6.434876213311158
2000-06-18,-24.82013819233739,12.776594140518116,-7.098679429103579,-6.505937195910186
2000-06-19,-24.08035838701623,11.551999713316206,-7.98370685992491,-7.1178073461423415
2000-06-20,-26.793502801344303,14.536722705431897,-8.241890831792011,-6.163398770859989
2000-06-21,-27.16881451541258,14.450556564224337,-9.154656422330516,-7.7122621781592215
2000-06-22,-26.98235887636167,13.976205795378522,-9.674792479399821,-7.635771758490489
2000-06-23,-27.266095251525183,12.465947728658362,-9.84001649459065,-8.496589377570421
2000-06-24,-25.73970601955798,12.577781616736686,-8.657150915526278,-8.518048674182976
2000-06-25,-24.5388437605653,11.560531517730654,-7.926562382723763,-7.989606326395505
2000-06-26,-23.75322808603983,12.58240399633661,-7.771028675072057,-7.537393117176903
2000-06-27,-24.764961832644225,11.998519287766335,-7.3942834322813145,-6.980422797451257
2000-06-28,-25.38412829295617,10.87012264168275,-7.520321323507428,-8.283309851275833
2000-06-29,-27.711688536530975,10.203801412867408,-8.051296578291286,-8.949824253943696
2000-06-30,-29.45322413887029,10.534662918142162,-8.383119327901616,-9.058077057334726
2000-07-01,-27.86547437394918,9.352800644917991,-7.357870281785792,-11.505140231832257
2000-07-02,-27.37653560684094,9.483346160230813,-6.483892652507375,-11.752976760215144
2000-07-03,-25.586852899682835,11.254412304808445,-5.442675881137383,-12.186457956917243
2000-07-04,-24.457952070943698,11.159635303048143,-4.820897843309447,-11.713497989673458
2000-07-05,-25.04429777194048,10.916128406332897,-3.994473383629024,-11.3999247403256
2000-07-06,-24.10233137563817,13.337114716621487,-3.358501281019244,-10.888633552468928
2000-07-07,-24.25216832008526,13.162110730387122,-2.2067879879484,-11.568462737957267
2000-07-08,-23.686045936110816,12.61977284513112,-1.5688248308130128,-10.62618210243483
2000-07-09,-23.82059926416822,10.350770090339626,-0.5618847348153369,-9.316843490249246
2000-07-10,-23.600723085838574,9.285158567456733,-0.5505593513014301,-9.718349084238858
2000-07-11,-23.449663170215334,9.319204827731722,-0.915399864003918,-11.524379954344429
2000-07-12,-23.010349266473504,10.090196635301004,1.124704841152472,-11.445490574263463
2000-07-13,-23.053910881112298,11.317943215800229,1.2614098644791085,-13.587403107909232
2000-07-14,-23.436399995754975,11.51833937726605,2.4646311219032224,-14.045420913150538
2000-07-15,-22.186134918061825,10.56987883935575,2.617437567866074,-12.734787156928208
2000-07-16,-19.29056873048181,10.626473502244377,3.097603872406433,-10.862148891238203
2000-07-17,-19.40360668374195,10.171283727681868,2.9307004455308583,-12.430943019692636
2000-07-18,-19.851489116217458,11.345109522832317,3.5582096741525624,-12.546305055151414
2000-07-19,-20.113805269795805,11.154435685674114,2.4916214334138584,-11.325350832335953
2000-07-20,-20.508622498951567,10.9493214863735,2.3121188832001236,-12.476052800739327
2000-07-21,-21.971116665031563,11.165623746967789,2.6649617144663793,-12.928345453860977
2000-07-22,-22.269892452801134,11.822550805617107,3.3034893578158755,-13.300642012268545
2000-07-23,-23.296809034498697,12.608440725085472,4.197300156085713,-12.90051627203752
2000-07-24,-22.03606798263938,12.714386880664422,3.2505566885611015,-13.729388277810418
2000-07-25,-21.967268047985435,13.31040714560851,5.377369465501374,-15.683623678771228
2000-07-26,-21.62419970474951,13.532488777131503,4.770207019080025,-13.586965968539973
2000-07-27,-21.602955069150276,13.31538534282601,5.279332377331693,-15.070368709487973
2000-07-28,-22.711463958893553,13.11774784068595,3.9156027951366363,-14.21656785784358
2000-07-29,-22.353012705906536,12.435429758140948,4.408709773877374,-16.170864413493884
2000-07-30,-20.874209020764404,13.603786016395055,4.179579758697366,-15.89595216904302
2000-07-31,-21.159931511945064,12.981626291351798,5.228268487707199,-15.511607355013485
2000-08-01,-20.96507555232487,12.167734530385054,6.926963613962645,-16.66540821780931
2000-08-02,-19.801533206266225,11.150482739757887,5.781193799696339,-14.19046295472901
2000-08-03,-19.364413549776625,10.252393638338575,6.4136607550270925,-13.958070798529391
2000-08-04,-20.58318260724836,11.638898952053479,7.083353754542164,-13.093210746944106
2000-08-05,-20.465588972413908,9.896588442299034,7.083311057421888,-12.50793765528017
2000-08-06,-20.49257561893374,10.12755894806313,7.094362688618053,-13.422532191017345
2000-08-07,-20.037693382423818,11.647234854316533,6.464111923896262,-13.25797034932016
2000-08-08,-20.27958368377092,12.593174316955885,6.601433873288655,-12.485009770878166
2000-08-09,-19.65008980829111,12.32556008912452,6.947779601298133,-12.728885991685807
2000-08-10,-19.559100607027183,10.815906225048396,7.041573078019178,-12.65284570970135
2000-08-11,-19.41985782207381,11.80424351959802,5.929690780289012,-15.334240966967496
2000-08-12,-19.73909690795827,12.076227745046728,4.449565641791336,-15.61402400378512
2000-08-13,-19.534995460434192,11.483024103702853,4.68476110520378,-13.951967540830978
2000-08-14,-19.24297100931791,12.010261185825946,4.021265658920375,-13.377016338637038
2000-08-15,-18.955528029315886,13.197667058818,4.940761852120978,-12.202019756924077
2000-08-16,-17.81493337649476,12.443074196765238,6.753953629690055,-11.010890628488266
2000-08-17,-19.340516624065675,14.249444437838472,7.552980048016595,-10.440105518853352
2000-08-18,-17.707476170336353,13.84073521417366,8.746581546609596,-10.290783023331507
2000-08-19,-18.02424550225714,13.991714273623344,7.425110132767557,-11.33073235079355
2000-08-20,-16.84647152890796,14.054916335807702,7.164635056860697,-10.959690878710244
2000-08-21,-16.610959345886968,15.459612533464377,6.960455706114602,-11.205505861455382
2000-08-22,-16.761953478371563,15.935350571247081,5.781261839957725,-10.258929846142912
2000-08-23,-17.3063967142159,16.63900562114966,6.723472255538073,-9.476265949881238
2000-08-24,-19.350417529988437,18.40938976394048,7.975738175969913,-9.218980188927553
2000-08-25,-22.22302362860153,18.116784520667323,8.791671695578968,-8.863577101310122
2000-08-26,-24.080458235058494,18.766398376844442,9.467715439467542,-9.333969535913695
2000-08-27,-23.218983994157657,18.514952089432388,10.055099232994014,-8.940071932369097
2000-08-28,-23.033347942953665,18.957518919305098,10.375470857205194,-10.58196572811956
2000-08-29,-24.915284449329025,19.35829256041114,11.594360015677882,-10.044671922917322
2000-08-30,-25.42236369172085,18.159069696591214,10.279360599135318,-10.451045425827543
2000-08-31,-25.301516927999607,18.500142285678603,10.485769084944916,-10.25137329633921
2000-09-01,-25.981991161476387,20.687468728015094,11.47114284844684,-10.216557190356465
2000-09-02,-25.80036703610867,20.001375621642676,11.34398608411517,-10.138761986185738
2000-09-03,-25.49400661580961,19.90339010074448,10.81310322356505,-10.50598106976504
2000-09-04,-25.31317828653839,20.354317080788384,10.82076748343508,-8.316486966097015
2000-09-05,-26.562875205865126,18.0273757275912,10.201868443474831,-8.4978940203455
2000-09-06,-27.372338411275773,16.755662773007558,9.741018028107923,-7.721013559343075
2000-09-07,-26.341070653151096,16.26893524635743,10.088308828583461,-6.9583550056092305
2000-09-08,-27.889423908208858,16.011328548400005,10.32974440973028,-4.341401179431818
2000-09-09,-28.590231972190885,14.767585737915512,11.515118728944435,-5.075494103318527
2000-09-10,-29.06604600815931,14.288795330673556,11.800020273653239,-5.2648486835273385
2000-09-11,-29.292660344115866,14.353973539556938,10.97123114406507,-4.519413719635897
2000-09-12,-27.939791514697603,11.817626878763836,10.863483591582208,-4.697139550680716
2000-09-13,-29.281167424260154,11.671179008931503,10.167578104669662,-4.05067011130759
2000-09-14,-29.739734556358133,12.076892875876394,9.756638175547602,-5.210811655022737
2000-09-15,-28.44957097951338,12.273791352331937,10.552709074459226,-4.38691136457304
2000-09-16,-28.133489173437656,12.403533848870092,11.066724948480095,-5.482203974060907
2000-09-17,-27.156732013564763,11.204744375252499,9.824148948435203,-5.140913091443011
2000-09-18,-28.631074767411576,10.436146395202273,11.167866754584432,-4.4705240885223985
2000-09-19,-26.707231781769167,10.130888465124697,10.047150695681905,-4.594203746362034
2000-09-20,-28.391713125028154,8.748555355831694,9.331931971672297,-4.36990625517404
2000-09-21,-28.38149189362801,8.904663538971217,9.71474216449052,-2.602538771422669
2000-09-22,-27.785748157013888,9.802871412141005,10.612833714546511,-1.766263828168568
2000-09-23,-28.28563223727815,9.915549812858016,9.712208401353186,-3.380025290408563
2000-09-24,-27.34956780757151,8.715565798866944,10.130609638453025,-2.702137059435468
2000-09-25,-28.388391268233537,6.925795630965595,10.879545684074829,-4.632258454316415
2000-09-26,-29.447150144782512,6.503343805179814,12.662131102267917,-3.5499638812592043
2000-09-27,-27.861111749735503,7.762078562460965,13.455584465401005,-2.151270704944995
2000-09-28,-27.193727954122128,9.327478320865701,14.892626177027127,-2.128475992236748
2000-09-29,-26.932622153483408,9.490773096075225,12.966290669686483,-1.219140477594967
2000-09-30,-27.874772719659262,7.558612337631774,12.606522032440823,-1.484147129168504
2000-10-01,-28.724373934735425,7.625788543599944,12.68875923840459,-0.938231886475271
2000-10-02,-30.119668064971,7.387155194381639,12.97488676269157,-1.9947542658601027
2000-10-03,-31.653862156034823,6.434002145764105,13.73607454536436,-1.6736233386278552
2000-10-04,-30.591668555158396,7.75931537158956,14.808281390308101,-2.345787219958292
2000-10-05,-30.631198212300326,7.4201561502928115,15.226791017200878,-3.90050787717897
2000-10-06,-30.4948014809294,9.632091570191317,14.920522283166878,-4.4720173896767745
2000-10-07,-30.423358605731245,10.42936506470888,15.065616073213521,-4.387384555294698
2000-10-08,-30.106754878123198,11.507042624613849,13.491157747362921,-6.191510211488748
2000-10-09,-30.752280001952936,10.590973895738205,13.22358938628078,-6.426562199980916
2000-10-10,-30.8777576784546,9.513790305703006,12.796494818599813,-6.032885938393033
2000-10-11,-29.28666712185396,9.623258534354513,14.10372021629891,-7.067045484075027
2000-10-12,-29.284247160074752,10.053673367863057,12.7821553007965,-7.3084322956103565
2000-10-13,-28.964158776083597,10.047663494923652,14.177386228295946,-6.0944219995450055
2000-10-14,-27.83134883062418,11.781641949820761,14.74100806517781,-6.418884604352627
2000-10-15,-27.17036034139048,9.716722178073233,14.603797222642289,-6.449304566847592
2000-10-16,-28.22819309617654,9.988457007139392,16.4767783914872,-6.1357896903549385
2000-10-17,-27.06930271691669,9.165685857711113,17.43843217858691,-5.975190849569977
2000-10-18,-28.668191264834068,8.341828953360123,18.285101372720195,-4.802999705083788
2000-10-19,-27.771463029828222,7.9731198085188595,17.637441445445067,-6.007574686089129
2000-10-20,-27.741708945964483,7.518596423131651,14.325280167538157,-6.357573126583579
2000-10-21,-29.735187271437958,7.745442978994299,14.742027615051807,-7.219288324579119
2000-10-22,-29.936524522879534,7.916025951059873,14.911775325068543,-6.925948843363168
2000-10-23,-30.656314684320773,6.26175310587193,14.97029581159205,-6.623601688387534
2000-10-24,-30.537081943468607,7.603481918477799,14.25790517788889,-7.136183492840112
2000-10-25,-29.427814521391525,7.505386443774844,14.406746908950549,-7.317216177669146
2000-10-26,-28.945720748598433,8.22970854673405,13.932193926541066,-5.283790723709007
2000-10-27,-28.07455848581385,8.507075773957752,13.75464848540443,-4.321699881621523
2000-10-28,-28.248335530236975,7.677926291280242,13.442768174266563,-4.7688647855117345
2000-10-29,-27.6363414595428,7.253383332070836,13.403558701023849,-6.413698103637179
2000-10-30,-27.796045020952793,7.989557982986947,11.860363701907495,-8.413371777803434
2000-10-31,-28.94526168691366,8.535846980059715,11.169182332923643,-7.103305565601948
2000-11-01,-29.331808275525013,7.774497783452781,10.985183273113062,-5.451832393589041
2000-11-02,-29.27501780511297,7.8034347476869526,10.582910628532213,-4.073249582673281
2000-11-03,-29.91041420759121,7.721771182559228,10.516221011532373,-3.7365993910754405
2000-11-04,-29.131518901433704,8.770135537761789,10.685750198921726,-3.7236162332330744
2000-11-05,-31.912673770707663,9.920336474224932,9.715407569843281,-3.9813698208605657
2000-11-06,-32.23967636468727,12.688311205011267,9.368838910062507,-3.7899709283665888
2000-11-07,-32.53457646033685,11.224491603556947,10.119759946424006,-2.5966499960384364
2000-11-08,-32.37893643735864,12.145497841778289,9.926231670797364,-3.1354806103354833
2000-11-09,-32.05314133394291,12.815927434918688,9.57626443390349,-3.5399637574839176
2000-11-10,-31.864424800380068,13.058231465205235,10.477821002098581,-3.73949312213274
2000-11-11,-31.282501094425452,12.367899194629684,10.19201523150849,-4.324743015028209
2000-11-12,-33.12365366754637,11.799434003833053,10.739819305742866,-5.2877701267729815
2000-11-13,-33.31523932708765,11.113233539066227,10.30126550016753,-4.775287875586716
2000-11-14,-33.72742117550566,11.92945855465823,11.844727887276592,-4.345312399382327
2000-11-15,-34.48791129706998,12.076969647507436,11.630006945547768,-3.463517557441871
2000-11-16,-34.486147026449025,13.443188184512602,10.595802932285883,-3.9808942553721027
2000-11-17,-34.71803109451842,13.461413589862387,12.604670103968578,-4.833331780561816
2000-11-18,-34.18442819963784,13.437585261706646,12.449743946752049,-4.461160710000336
2000-11-19,-33.98441941449863,14.702219362565645,12.792364400006722,-5.342501305855713
2000-11-20,-35.006819590342005,15.904062006452282,13.560088250323133,-4.593321435676778
2000-11-21,-35.41628336507163,15.371409152852777,12.920492710827137,-5.903406088641084
2000-11-22,-35.25208302566376,14.519504198958812,13.313313576602694,-3.8909864763133846
2000-11-23,-34.72134256274976,12.442596365577142,11.45766155781911,-3.778490013646287
2000-11-24,-35.563046147387084,11.671535536303361,11.089874738765664,-2.9217437784490046
2000-11-25,-35.38515741662411,11.889738516928142,10.203282920693749,-3.133244423692926
2000-11-26,-35.79578889703825,12.240026897941682,9.21178378269753,-1.6342316373140429
2000-11-27,-34.92135995030197,12.203296842151238,10.475075723936197,-1.5183215970042827
2000-11-28,-36.750700509052855,11.333421851261368,10.014694352309093,0.3068828290319352
2000-11-29,-36.4952674282068,11.914041909341746,10.363408760995453,1.2426566314911187
2000-11-30,-34.74982126539001,11.89512883008518,9.459998629323442,1.3123828587179205
2000-12-01,-33.89402551854048,10.548340859209903,10.05109555868114,2.182027508713521
2000-12-02,-33.87990929786721,11.566253988254303,9.63679385895093,3.8133422549447653
2000-12-03,-34.227562896981624,12.21834785841865,8.088413014310635,2.811491382300381
2000-12-04,-35.05256752022778,12.501829523069022,7.47063173209129,1.456949894506553
2000-12-05,-35.97580447346603,13.574018641642574,6.003517352874402,1.0762351746529562
2000-12-06,-36.38885614293378,12.980421858494616,8.318097449990107,1.283656153333542
2000-12-07,-36.23664793681054,12.566557621073006,9.969825037952221,0.8666637930225116
2000-12-08,-35.830631770183516,11.896373608148844,10.390043911767131,0.9744127399453062
2000-12-09,-36.5015496613773,9.9806815507791,11.998849579851935,1.4499431209970173
2000-12-10,-38.209362932522595,9.471283929518924,11.032396131769262,-0.12032055005941333
2000-12-11,-37.57797801475139,10.630143563084397,11.765871492494108,-0.13501176440459886
2000-12-12,-39.539329365318835,11.446383203959577,11.713257478597638,0.461482773654156
2000-12-13,-38.70095570272713,11.01160529095016,12.705780321198597,-0.02464783819610794
2000-12-14,-38.73674313867251,11.043471516314082,12.539648620545536,0.5052325030903265
2000-12-15,-39.09825422508494,10.538555624473899,12.609111882256043,1.4749313523539085
2000-12-16,-39.74882158846186,11.375674152669246,12.803808052078173,3.071232022813057
2000-12-17,-40.05555497390285,11.566824889310553,10.994908872919986,3.616785789769311
2000-12-18,-39.86936413639981,10.896707241442407,11.325630922046663,4.096743792522083
2000-12-19,-41.18312143107556,9.264657051696338,11.505367982293578,4.5598770847402434
2000-12-20,-39.92387475790528,10.487818350318149,12.749141483082557,4.6814053765387165
2000-12-21,-40.98680505292168,10.775249374136306,13.48391456166939,3.7226703591389834
2000-12-22,-39.950470886252354,11.181235924506439,13.41337015669317,1.838660822697544
2000-12-23,-40.82981051719112,11.16133556921435,15.270925390304793,2.200424099680426
2000-12-24,-43.588760839925904,11.18446362896297,14.044911357015183,2.1412347245454644
2000-12-25,-44.54905807614553,13.283965999410581,12.58516328182455,1.9400115980024062
2000-12-26,-43.873107377870404,13.251953907198555,12.556092679421237,3.8471278158255604
2000-12-27,-43.047737262242755,11.678046215637549,12.28397968971918,4.368214399360771
2000-12-28,-44.13660359838387,9.933639896140276,10.89353198846148,4.740223958514039
2000-12-29,-44.56251856943094,9.709767339084605,9.488307658806827,5.171974563133263
2000-12-30,-44.30257792549398,9.289462072391398,8.353004415916377,4.304035059875565
2000-12-31,-44.294807726019485,10.769591256244215,9.08450612820938,4.374901685926432
2001-01-01,-44.06325909113787,11.127391373166823,8.985331726352182,3.75348173643074
2001-01-02,-43.84456544427457,10.832130336498688,9.027401301588222,1.9868335087537725
2001-01-03,-42.53456763751083,12.52976540969594,7.94223899875489,1.2513369899340638
2001-01-04,-43.652621752857556,14.574407793684628,7.426838083465459,1.4044566818722153
2001-01-05,-43.61077242629127,15.275618545581413,7.1127653863478875,1.331315590663226
2001-01-06,-43.084287368220316,15.412384618714917,6.725071035727846,2.2945538997256105
2001-01-07,-43.859497187483576,16.577147803969243,6.590480909255354,2.6911882362720316
2001-01-08,-44.45542819172658,16.98151700881532,6.502623268333758,3.63508119305917
2001-01-09,-44.251815491666164,16.635242977961695,5.5207533074601285,2.123935947707054
2001-01-10,-43.59130685701707,17.141277398506436,5.49626836639986,2.1967347529932226
2001-01-11,-42.821266045353596,15.877293668602714,4.6516217143402026,2.7769416439223806
2001-01-12,-43.67247250494611,16.73837201980815,3.31810144101698,0.7492802229007793
2001-01-13,-43.93861878361373,16.8447865958216,2.0270840886586328,1.0167799459788833
2001-01-14,-43.88343784319105,17.673220360153774,3.2929284264179595,1.110001422883346
2001-01-15,-44.89316107706358,18.306666769404046,3.41162944537795,2.4776962855726032
2001-01-16,-44.68144174048166,19.023499020395946,3.8369696956645614,2.515978011088866
2001-01-17,-45.68122496606274,19.681931257225376,3.4899828026336785,4.0631002987958205
2001-01-18,-46.88001178416233,20.32590137576396,5.200572104460236,2.808048446656678
2001-01-19,-45.1762166862509,20.0163951552591,5.7891897733121365,0.7944420876789073
2001-01-20,-45.39224417960368,20.249223670563442,7.151516661960474,1.7475668995499363
2001-01-21,-45.001787734160835,19.331319833529452,7.700702780435761,2.7945080203929784
2001-01-22,-44.44190025340249,18.104440848034624,7.188588258008881,2.014678902797919
2001-01-23,-43.715674724400984,18.103021258120854,7.304781158058275,0.3429691910881172
2001-01-24,-43.06879345191407,16.835539412748464,8.68170679772976,0.03356852421454215
2001-01-25,-42.7811221368744,16.947119962361484,9.08842521538097,0.14609795351966307
2001-01-26,-44.64942539031875,15.460095411814992,10.119473204724848,0.09337193420356385
2001-01-27,-44.62747433705007,14.843507594112555,11.211218585658834,1.2171429642183793
2001-01-28,-44.900019520898844,14.814197952188476,10.255208517556436,0.0855529889986335
2001-01-29,-45.0564514318743,14.128423071431031,10.788529123233262,-0.614605912168418
2001-01-30,-45.161263740867575,12.496240859088646,11.28059336821515,-0.07826489700090833
2001-01-31,-44.37200921093876,11.437188244159044,10.038217537955745,-0.4109232524684166
2001-02-01,-44.45676417220236,11.002409634369593,9.264569451490775,-0.14815385525210134
2001-02-02,-44.46782377624021,10.991317270060915,10.04976185287741,-0.11900644436353688
2001-02-03,-44.22199461870953,11.206534568089392,11.089538622321864,-0.2372780980583732
2001-02-04,-44.67545514046716,12.451748633269379,11.834791509009523,0.46663857639328377
2001-02-05,-44.211402424723516,13.459611450318091,11.944783428877617,0.7292089888150219
2001-02-06,-44.07353785704448,14.704711039267451,13.280359372565272,-1.0838609616092774
2001-02-07,-45.24116208240529,14.30616427568544,15.33182145193012,-2.802905572009156
2001-02-08,-45.76110126681471,15.32927593829976,15.697402455795357,-4.127336794419079
2001-02-09,-45.32283113420158,16.48906265660182,15.164845156368115,-3.169652098680463
2001-02-10,-45.51480345314031,17.3243427008491,15.556932287756771,-1.9981960636852878
2001-02-11,-43.00972505208247,16.078084404064125,15.726546082205658,-1.7821095832554883
2001-02-12,-42.88809399725316,14.951650793870504,15.007358342385956,-0.7777176318306263
2001-02-13,-41.96819568592334,15.623704948146013,13.986908939814668,-0.027036006079549812
2001-02-14,-42.736222093327065,16.665841859147484,12.078938888241945,-1.3944788382808782
2001-02-15,-43.33175392391028,16.51423481713847,12.532184813470199,-2.0998667201812853
2001-02-16,-42.68098687052098,16.20012477191272,14.685917198540613,-1.2538215844273188
2001-02-17,-40.67861527777038,17.58287630758674,14.543663376655806,-0.8340270089873563
2001-02-18,-42.57603677356053,18.425806652423955,14.01800320240109,-2.482626199530194
2001-02-19,-43.89336002227065,17.29051178166315,14.29529242673873,-2.6504460690078226
2001-02-20,-45.37017306983524,17.441084737913386,15.981302904021097,-1.5204262180110628
2001-02-21,-48.005525967418016,17.848555510167117,17.696662360544963,-3.2076622484170434
2001-02-22,-46.631706264182505,17.158862315459757,16.912370665583072,-2.239519490109963
2001-02-23,-47.883519299229235,17.67136159718213,16.131276519043283,-1.7290184295393414
2001-02-24,-48.741849480630144,15.347736496785954,14.734447814836958,-2.035423622172588
2001-02-25,-48.49240673495283,16.07892459889905,15.180865886068535,-2.339419628024859
2001-02-26,-47.80097617472791,15.702020687447986,15.463902730839715,-2.388183859682567
2001-02-27,-47.68843547639204,14.193867835649037,15.278944113932878,-1.4977513598372156
2001-02-28,-47.4042796193204,14.87088552329318,14.091718746393674,-0.20882461045758594
2001-03-01,-49.736655363002114,16.30570971843004,13.22300625548947,-0.5385605807007503
2001-03-02,-51.0085760479987,17.20550278858959,12.978216650747113,0.09475608557472104
2001-03-03,-50.71610496256389,16.409316834894092,13.243880224447613,-0.14016453075551616
2001-03-04,-48.55197373145307,14.504088625051182,13.479616514168127,0.4305364355805268
2001-03-05,-49.51295439860592,14.883031927524852,14.659211384684156,-1.0130850062899868
2001-03-06,-47.03312217989905,13.221162870658747,14.94568905394368,-1.91668368621758
2001-03-07,-47.05735137796588,13.347542186839652,15.253538823982325,-1.5385752840069207
2001-03-08,-47.06938491594743,14.048612287604394,15.01210714159573,-1.4105053415212077
2001-03-09,-47.13366174153562,12.991170569930679,15.319212789803906,-1.2765285710483814
2001-03-10,-47.68861267779112,11.93277734964151,15.738347292245923,-0.14710905554004072
2001-03-11,-47.06276553950344,11.205617318584437,15.347038018798225,0.7565675784821074
2001-03-12,-45.72186997671905,11.471567280712248,14.64919558251541,0.354309853595932
2001-03-13,-44.4676130032105,11.525548349795125,13.33255465267794,-0.3180217010513798
2001-03-14,-44.01953230618662,10.85740835729122,13.95929140113034,-0.2644609439365322
2001-03-15,-43.46030811423969,13.156549494287098,13.816403002008578,-1.0529226720936051
2001-03-16,-43.13818432111866,12.790609667835923,14.56267095876699,-0.5884031287264249
2001-03-17,-41.77589877757231,11.707580023317192,14.293260421788133,-0.2919990002741904
2001-03-18,-40.89764304128264,10.40998213072207,13.03193584018296,-1.7411542561682496
2001-03-19,-41.75853931963734,10.162240249811985,13.659041032136413,-2.9510600531697957
2001-03-20,-40.35789879825943,9.494093142278293,13.959991741700177,-2.99723804033725
2001-03-21,-40.33508304309992,8.673194868453995,15.767686932574254,-3.6079445559163354
2001-03-22,-42.407010877117166,8.20007193178719,14.622585653020248,-1.7046736362343304
2001-03-23,-43.532787953290466,8.347630468961858,14.30825582322167,-1.9262087283862774
2001-03-24,-43.40054142935038,6.370963943030089,13.437932340549516,-2.9651542204988033
2001-03-25,-44.83975201707722,6.454689408743563,13.37627861627852,-4.551593797896618
2001-03-26,-45.56793461906772,4.171571606934336,13.127483507601191,-5.498834793153889
2001-03-27,-46.07435557234066,3.9060300252478237,13.289714535567692,-4.631840966771575
2001-03-28,-45.01079594384905,3.7182766386169717,13.883192355351486,-4.24639245052022
2001-03-29,-45.51948947843786,4.656799407248614,13.738564214609527,-3.190961086059392
2001-03-30,-46.31563196981505,4.614182300347653,13.419825412965787,-2.223882960330355
2001-03-31,-45.34557918638645,4.1233351593803365,12.889864928328343,-2.289982836488728
2001-04-01,-45.29340380371791,4.553421841414365,13.51201207539417,-1.0064030873239953
2001-04-02,-47.201401656460064,3.0545958170695213,13.734991947849684,-0.3563836560852689
2001-04-03,-47.13117786306292,3.0544998209863388,12.056464310503761,-0.633702831132209
2001-04-04,-47.31252884468413,3.5793535939743863,12.275579466803837,-2.328650054343135
2001-04-05,-45.89270883378,3.3208002942964523,11.977154004359406,-3.562370030847072
2001-04-06,-45.87374524303809,1.605213678886209,12.409651291261774,-2.6144305772729597
2001-04-07,-44.83495816087916,-0.23503966416134348,13.841077555582904,-2.87719198974343
2001-04-08,-44.635792487091,0.7321470746002788,14.06498967424977,-5.181308550132834
2001-04-09,-44.18380439134273,1.0289640244022038,13.54919719134062,-6.827157601317278
2001-04-10,-43.53891537233141,0.6622596815323379,12.617756979481749,-7.960818203602288
2001-04-11,-40.04831670519051,0.4097962871346173,12.11405445199473,-8.618327833823859
2001-04-12,-39.38742520861369,1.3995135524826732,11.388903922659777,-7.061701275108952
2001-04-13,-37.92055187302809,0.017365212931009122,10.544524454891375,-8.443032822171343
2001-04-14,-37.08643975491816,-1.636186811152006,9.629674513365241,-9.240223624085305
2001-04-15,-37.097468453511794,-2.173955037668119,9.241729460647797,-9.391757438221417
2001-04-16,-36.636070650083845,-3.0040768029990823,9.047993950105013,-10.51132411936304
2001-04-17,-37.200846717739594,-1.6434718914342954,9.594652998276977,-10.470746209589544
2001-04-18,-39.89492932924606,-1.4017638702012885,10.364130622465735,-10.772764287455933
2001-04-19,-39.676081836709876,-1.0316536067427489,11.345248756011268,-11.343039824607665
2001-04-20,-38.78064065472216,-1.2779365376669851,10.872121052836519,-11.502148467033345
2001-04-21,-39.808440504126,-1.7987536858198259,10.656152689408106,-13.262549087305507
2001-04-22,-39.66608414023636,-3.2198712144228985,10.913092249737188,-11.837744783980765
2001-04-23,-39.36650978922013,-3.9726407627401943,9.422932219831544,-10.845062323825928
2001-04-24,-39.01177252984691,-4.827022583891329,8.855616188754077,-10.281758366998348
2001-04-25,-38.297512406927446,-4.265486261777432,9.120740485352611,-9.864860003019194
2001-04-26,-38.139559932712324,-3.065892161260555,9.343064369885672,-8.754843103562965
2001-04-27,-36.2597508457822,-4.315910258817536,10.49194048995657,-7.2684054072433035
2001-04-28,-37.95172671560125,-3.8662516751920273,9.963775553817541,-5.94447348553346
2001-04-29,-37.45968761533136,-4.828989635628909,9.795957560701666,-7.313030422554818
2001-04-30,-38.74778554081183,-5.525565427965626,10.268352733451943,-8.284833923458411
2001-05-01,-38.81046316883186,-4.714673298892539,12.16792758057658,-8.622673620831266
2001-05-02,-39.336669640005994,-4.568198966943731,13.379608888259552,-7.6055311162838635
2001-05-03,-40.04598103952095,-3.5839909745401792,13.12290570768092,-6.7356063857413355
2001-05-04,-41.13210943209387,-1.6895373296889054,11.96834836977734,-7.506919741916012
2001-05-05,-41.545850690736145,-3.0861691377798603,13.036514146101872,-6.322557522265108
2001-05-06,-40.674533156613755,-1.737039091413033,12.813617887882076,-5.941578319078548
2001-05-07,-40.26566934768298,-0.33992747070689955,12.35797680932983,-6.293277562050749
2001-05-08,-38.976879265102454,-0.7424266761368878,12.71058134787034,-5.409849496569096
2001-05-09,-39.511627636054484,-0.8130151512742919,12.45784292319674,-5.505138447651619
2001-05-10,-39.39544270271802,0.11023037631244048,13.928443599294006,-4.201624314985864
2001-05-11,-38.24947544169474,-1.1044753842211978,16.16788185940938,-2.7020557559134843
2001-05-12,-38.50528279630538,-1.7954994612108144,16.74673311805263,-3.5585831970837836
2001-05-13,-38.71959922393822,-1.7409055108271851,16.084008735957624,-4.723982927810784
2001-05-14,-39.35973055010601,-3.1386918359622378,15.463356176646704,-4.859762341027983
2001-05-15,-39.950076602542566,-2.276505517276137,14.533280088968711,-3.360894089183473
2001-05-16,-39.92823369266475,-0.9592009441990319,15.458139747650481,-4.324633844705852
2001-05-17,-40.74238962800886,-1.9095362646792737,15.453085399773933,-2.8306604037533427
2001-05-18,-40.07579559207011,-1.2943369604613348,15.485494450846476,-2.0435320107003263
2001-05-19,-41.05937107253182,-0.06162301208958776,15.7301764751428,-3.939338671864655
2001-05-20,-41.92357984585384,-0.7754934190959696,17.357059200036623,-3.882607803784301
2001-05-21,-43.26334306095625,-1.765157001391692,17.573608141561763,-5.17383568168522
2001-05-22,-44.092867347098526,-2.281360298053297,18.424858969655542,-7.513945687898252
2001-05-23,-43.53424814321445,-2.1446537663503253,18.371519649119342,-4.574465437453339
2001-05-24,-43.20096859910125,-0.3922909410207802,17.813830460533993,-4.624968964073034
2001-05-25,-41.82868983502846,0.5817619915220957,18.025150523616343,-3.1276146388928603
2001-05-26,-42.384142007880996,0.454213500007598,16.81098436546133,-4.258526762695836
2001-05-27,-42.373279644811774,-0.046005980076863684,17.15614383217918,-4.229223645684667
2001-05-28,-44.59378310913754,0.9530746144563556,16.443201438630624,-4.525287159459576
2001-05-29,-43.70462089969375,1.8259004741180571,15.705619305562422,-6.352268005935508
2001-05-30,-43.15209711142538,1.36317033797044,15.848008118075665,-6.879388784609011
2001-05-31,-43.017001024581035,1.966376142354656,15.985350121114124,-5.989559240756778
2001-06-01,-42.769018046358184,1.5723307097080452,14.953181778779378,-6.30796203405562
2001-06-02,-42.46460064615085,0.5373729716155207,14.279127377186274,-6.304878727022929
2001-06-03,-42.83633507377441,0.09272656787781419,13.499857962003055,-7.522943334765542
2001-06-04,-41.61611272995438,2.0362974566454124,15.242658901756407,-5.880969687966552
2001-06-05,-40.436822839003774,1.7764082693514196,17.24103936532846,-6.139880572224566
2001-06-06,-41.256055061269336,4.8655562406343345,17.64218758569254,-6.0014125054729055
2001-06-07,-42.19619711684623,4.7589467637421965,18.562419293821335,-8.212696785654764
2001-06-08,-42.910967543963466,4.002147002568501,18.461782594221024,-8.637246536678333
2001-06-09,-42.925413072710384,4.93935986171659,20.296814009848582,-8.387962439362767
2001-06-10,-42.73816913828412,6.212693725739189,19.584924656838137,-8.167726736776176
2001-06-11,-42.06908499913991,6.400014991058721,18.576511698281287,-7.854377853559844
2001-06-12,-43.11589401049092,6.12780513750427,19.352994689701536,-7.573635795475423
2001-06-13,-42.74013467662114,5.268308680352472,18.917315111144863,-8.047731401461167
2001-06-14,-41.78667963660867,4.336700316150557,17.225944052400518,-9.657983371546269
2001-06-15,-42.14274453867047,3.125021715800702,16.782419582282277,-10.286128405988729
2001-06-16,-41.5994198083405,3.858962800915629,15.999812817320453,-7.945915699842745
2001-06-17,-42.682819125371395,3.219749456447676,16.603533813040897,-7.640537273485883
2001-06-18,-45.368596945696616,4.904535435910296,15.633516229815859,-6.19862487878492
2001-06-19,-44.10999592539965,5.718215091328782,15.951254193032527,-6.048936169417793
2001-06-20,-45.09280005588032,7.854436622455468,17.463439349775193,-5.848411394289993
2001-06-21,-45.20367490270803,7.293255570122159,18.00233764541457,-6.53857702333015
2001-06-22,-45.621393318175244,7.787968843582922,17.604872197109735,-7.601430134094996
2001-06-23,-45.04933795310475,7.125251736446022,18.4080080045525,-6.451496422719464
2001-06-24,-45.39894415125859,5.415602602494052,17.907787321928353,-6.514736286010981
2001-06-25,-48.4270497864997,4.529079665248469,18.877999441664876,-6.702349353572481
2001-06-26,-47.58107332026814,5.186248205000723,19.054208502085153,-7.366763414438038
2001-06-27,-46.65601340264984,5.775037600746573,20.088517755284776,-7.653735054513758
2001-06-28,-45.05323176025968,3.5744510583585973,18.770526962013857,-8.468147214312307
2001-06-29,-45.54380296345388,3.205002479965304,19.541460322937887,-9.039316389936303
2001-06-30,-44.64869386397721,4.328554564591753,18.713851297478232,-8.53215317667676
2001-07-01,-45.17119901679151,3.16522231820363,17.98226077829771,-8.556730572542113
2001-07-02,-45.610551641625946,3.9716322768371395,18.597612526023976,-8.896436084606385
2001-07-03,-43.49106040469524,5.547952009353654,18.80842331921736,-9.213887424765554
2001-07-04,-44.492471265630364,5.5422874310235954,19.622276172446163,-9.442687123407746
2001-07-05,-44.000307392008395,6.018045426668212,18.671637453128877,-9.66279003739875
2001-07-06,-44.40318970189568,6.984317006076564,20.297639322101404,-9.391822870856666
2001-07-07,-44.89510222061356,8.48162867192829,22.101353741054492,-10.850415656112885
2001-07-08,-45.38261219268668,7.84771286581338,22.773259822935785,-11.03597510404712
2001-07-09,-44.00059013608651,7.1924280312886815,24.111302308215844,-11.046904705589194
2001-07-10,-45.30757794733923,7.74491402095838,24.23754231820649,-9.447882165987778
2001-07-11,-46.35345843076146,9.250184544628079,25.100492252224953,-8.32611075482808
2001-07-12,-46.19773215753855,10.231712545797109,24.339940897690447,-9.130973255068929
2001-07-13,-47.59063122125141,11.674964677383267,24.90928405585167,-10.925565324707017
2001-07-14,-47.06571657717412,11.960401320888774,24.137195638599724,-12.157880877357101
2001-07-15,-46.357265620682156,12.294506969256188,23.101603557986483,-11.869986607782636
2001-07-16,-47.69051906698452,12.787734757526216,21.42508951081637,-10.330700377174443
2001-07-17,-50.15229316193825,13.388228545253698,21.163539899289653,-10.54385226298895
2001-07-18,-50.78078712535303,13.273337158820384,21.640292387414473,-11.07027112539263
2001-07-19,-51.24915082278618,13.784758606129143,21.66476884445752,-10.570396809453687
2001-07-20,-50.372514586723085,14.051894122788823,22.04708305321845,-10.15200157859649
2001-07-21,-49.64939036419637,12.895649775930346,21.368942293661373,-10.331447559110046
2001-07-22,-49.861421567258446,11.02697753881906,20.17062296311654,-10.233411597210958
2001-07-23,-50.05017952878538,10.859464763532278,20.210790599789785,-10.578797869083923
2001-07-24,-49.91294987452027,11.575890270751353,19.380511510070917,-10.906322765530744
2001-07-25,-49.63857484380091,10.053690064429587,19.02648922421931,-11.578724809666713
2001-07-26,-50.04353066319172,9.751213043740616,19.35710865330681,-11.86209676043597
2001-07-27,-51.02811521297508,10.337731629348522,19.322115555629196,-9.448672689759624
2001-07-28,-52.21879688491923,11.762994738344501,18.91925263065811,-10.146249945973098
2001-07-29,-53.69289622804235,12.223855882697121,18.327367567702186,-11.105650087113625
2001-07-30,-54.71169805509334,12.2986971761571,17.612440811638965,-11.229087501081636
2001-07-31,-53.898132008662046,12.47138902162944,18.497376746696776,-10.207467644182667
2001-08-01,-54.68793702742694,12.473540852451787,20.735265227301085,-10.157268182783152
2001-08-02,-54.384541474405644,10.225235129133992,21.009609865258966,-8.894661500769494
2001-08-03,-53.912158781320755,10.488785099960685,21.8900997131902,-7.735783224373421
2001-08-04,-55.741729517407194,10.392669905020474,21.73759473505246,-6.93429533255395
2001-08-05,-55.04727185370291,11.354375730817289,22.22047200856574,-6.106298087947154
2001-08-06,-55.32500503546185,10.471203517476253,21.63557268548552,-4.8391178744378704
2001-08-07,-56.43887432463777,11.634284800458332,22.18611552497496,-4.1818671778654934
2001-08-08,-57.197585390029836,10.761000986716502,22.25494351809567,-4.356154972345177
2001-08-09,-58.052732345822804,11.441666333286053,21.235976807056485,-4.938541255400289
2001-08-10,-57.55594058807894,11.80407406093431,21.51076993937718,-4.3542308471874325
2001-08-11,-57.50768381255596,11.527578769306103,22.21136517237202,-4.47909434056184
2001-08-12,-57.88653841806074,10.985312609641717,22.09511414121836,-2.9525622391596067
2001-08-13,-56.10183357003087,11.775239825267402,23.902604629012945,-4.223853992317778
2001-08-14,-56.25584869262699,11.617096845799907,25.652265796820853,-5.263727914618986
2001-08-15,-56.322973360844266,11.11703954569318,28.514922848479554,-6.079506976735645
2001-08-16,-56.86913413161902,10.778858010906829,28.4658595949026,-7.241372768046123
2001-08-17,-56.659456014077186,10.78776503115097,29.16776554195508,-7.567412098550833
2001-08-18,-56.150262901232665,8.437415200869076,27.82347019309156,-7.4505153509790985
2001-08-19,-53.70638852132774,9.95261175513767,28.4889146451415,-6.712638164912395
2001-08-20,-53.489574886372694,10.173496925054536,29.808849146580464,-6.763941202718909
2001-08-21,-54.58210624384583,11.832988283135172,30.543768271069098,-7.758860219541068
2001-08-22,-53.80951670567597,11.555732895180675,30.300825278650155,-7.887846976969156
2001-08-23,-55.67419541002082,11.126028794110482,30.203702310585715,-9.103523002282635
2001-08-24,-55.58376833856961,11.759898419356032,30.750960157617133,-9.212979218300095
2001-08-25,-56.32660686284379,10.555595290894477,32.256500675028086,-8.851153203856915
2001-08-26,-56.8601716337629,11.458588050223094,33.1725499621306,-10.505159921291211
2001-08-27,-56.74082950075254,11.258308556659598,33.404198054546505,-10.117387901563387
2001-08-28,-57.592992529542606,9.174907431980252,33.148077555942685,-9.827129692794268
2001-08-29,-56.73500038736236,8.268937038996182,34.5106054919748,-10.53818417410557
2001-08-30,-56.073259986764825,9.435461572874036,35.28717162497724,-9.448274561056426
2001-08-31,-55.738344527478354,9.475871111331902,35.25343764580481,-9.634489482055997
2001-09-01,-53.89090634937491,9.995448561683002,35.70853187998327,-8.76614651001556
2001-09-02,-54.32903445619771,9.62964127521386,32.59602403969809,-10.693962329856202
2001-09-03,-54.21730875577287,10.371952481228057,33.178998327199416,-9.247341345504204
2001-09-04,-53.91603911773728,10.564360202368759,35.43321474328327,-9.4581614386969
2001-09-05,-54.92563536864912,9.027036086300868,34.567126722934,-9.831493999639214
2001-09-06,-53.1149266522686,8.362393894973083,35.221422863361084,-8.201101354954872
2001-09-07,-51.87706267240969,7.376872811494805,35.13847858700142,-7.9130790189315805
2001-09-08,-51.54792979283945,6.747131724319736,34.554065811856276,-7.11627124690073
2001-09-09,-51.42551807949608,7.295486714323616,33.352623527307536,-6.87273034868923
2001-09-10,-49.76980385675112,7.275411295449933,32.414541572256624,-8.47361712676653
2001-09-11,-49.339174992395975,6.487968518980817,33.07061698117844,-10.40491574807172
2001-09-12,-49.55018167883721,4.931768321098765,34.65122070766363,-11.091650187443758
2001-09-13,-51.55976955209694,6.287030365761547,35.8890148386468,-11.866749781163346
2001-09-14,-53.52980174773047,4.983625451302265,35.589013010462835,-10.149997166312072
2001-09-15,-54.29474134915018,4.782611587521905,34.4896737069434,-10.090939221159422
2001-09-16,-54.73714849015599,5.157298621074258,36.07137414030893,-10.637087751298234
2001-09-17,-56.18717415241987,6.814746560468747,34.746389181359845,-11.240392748895417
2001-09-18,-55.133665031487794,7.6120737305714705,33.88369247138018,-12.092259979660842
2001-09-19,-54.93118526606186,5.418846994522113,33.21093096263056,-13.457166861943515
2001-09-20,-54.804684346539325,3.74932245137276,32.406715775387404,-12.360403595720335
2001-09-21,-54.85843578219041,2.2484261262811316,33.438356663536304,-12.575225053182166
2001-09-22,-55.12643981604308,3.0384017877687506,33.251392302039896,-12.353324041239393
2001-09-23,-55.41885332314728,2.8236987794998676,33.63185364543642,-11.280194385414317
2001-09-24,-56.45256154043528,4.545033088440812,33.03625027871766,-9.666749313232003
2001-09-25,-57.19922897144288,5.643291532341009,33.29803189702812,-8.570781045172858
2001-09-26,-58.70605696102102,5.357592978878191,32.808355469258345,-5.943301594797122
2001-09-27,-60.100638430692705,6.907646422205068,33.65072797628484,-6.632251059808297
2001-09-28,-59.96652048323319,6.296984965397463,35.17771378066903,-6.095459458140234
2001-09-29,-60.024873489004555,4.535036239141063,35.052405072579546,-6.250840248598582
2001-09-30,-58.173852135020944,4.0283209301845275,35.4003873574489,-5.525608504938972
2001-10-01,-56.773687829418144,3.698039079766435,36.438251965778974,-5.6361774903758235
2001-10-02,-55.52454356974538,4.177833413365802,36.48206359673806,-5.503511114073145
2001-10-03,-57.876863699353564,4.418486885135129,35.386305363219,-5.080398407884157
2001-10-04,-57.25841695438619,4.297478611480037,36.029138779773135,-4.168868900596487
2001-10-05,-58.38773582426113,3.8471025008275026,36.60970541320748,-4.235167348276236
2001-10-06,-57.704929430119115,3.9900461448403184,36.27624954134961,-2.9873686131588926
2001-10-07,-58.49026691056524,4.641728889124699,33.721134700976464,-3.0819348487697216
2001-10-08,-56.03866576626589,5.012290364835527,31.61198005808189,-3.8748592733097076
2001-10-09,-56.566414474705276,6.324673692626754,31.35395901407948,-3.1729536488490595
2001-10-10,-57.21121484555623,6.446412281956276,31.8574672443113,-2.3849430866333003
2001-10-11,-56.35633529529878,6.960981154405205,31.132742279881256,-1.1048931332591132
2001-10-12,-56.93914448709682,7.667854937324893,31.90187218971054,-3.324837717378161
2001-10-13,-55.99920671265199,7.806866545633801,30.696102233776198,-3.9711560583026544
2001-10-14,-55.79401926497591,7.925450783233167,31.142795256969496,-2.93843395017028
2001-10-15,-54.54532348875096,7.852121218935958,30.56681721917087,-1.6069376660593577
2001-10-16,-54.34619783473544,7.95492891290135,30.831210194936176,-1.3752125079861934
2001-10-17,-54.83749951367458,8.863434802824901,30.29389810682468,-2.0484301563513507
2001-10-18,-54.62961779659038,10.481130215145152,30.80834961351023,-0.8650510960168722
2001-10-19,-53.96821303509859,7.144162542584421,32.40843533092422,-2.652920675614422
2001-10-20,-54.09195148263664,7.756803797756204,33.36514199655717,-3.56371162326698
2001-10-21,-53.13927974268881,6.75753533418918,33.16166980389877,-3.441901785119645
2001-10-22,-54.49644950283961,5.494078048357953,32.693626349148474,-2.79542089533863
2001-10-23,-53.23915109574571,5.28173939318363,32.962085904626186,-3.8567512650662468
2001-10-24,-52.72244465991485,7.018672448328029,34.578574904144645,-3.415788211444855
2001-10-25,-51.90646534327661,6.987359362819409,36.82404234929288,-5.403370482209045
2001-10-26,-51.67323316303124,4.747562628130005,36.1866768114444,-5.850028308727399
2001-10-27,-51.45759568893961,5.853956809594857,36.168878559611834,-5.5938107533374
2001-10-28,-52.48403777501458,6.929418455224759,36.0804158694655,-6.284822738833305
2001-10-29,-51.38304350415064,9.441353347080842,36.44163137141207,-6.315077213656497
2001-10-30,-50.93590181593727,10.354474258699074,35.720153177241855,-5.886662325803345
2001-10-31,-50.86257775400125,8.71939100854995,36.87087229097458,-5.774508992537731
2001-11-01,-49.53599716983775,8.403166231416256,37.01406481215178,-6.846644727559885
2001-11-02,-51.54442690900328,9.5697948564594,36.423689525814446,-5.781220366959818
2001-11-03,-51.78026324194712,9.90496530517564,33.745074081172184,-4.261324304113133
2001-11-04,-51.10863826765148,11.231875844856976,34.75222225671992,-3.3231433523183673
2001-11-05,-53.32096153841667,11.307595940642134,34.99387057904163,-3.482866880367532
2001-11-06,-52.501859028214064,11.615961361492309,35.987097085861166,-3.548102760564818
2001-11-07,-50.544713389425205,12.216383296058176,35.978972050473516,-3.3066043679984425
2001-11-08,-51.931217898207514,11.620211137787365,36.464629363413145,-1.1028011329017486
2001-11-09,-51.56018501374655,10.526840615656461,35.58276746563829,-1.0438125194938688
2001-11-10,-49.85763293762704,9.337989988102557,35.14078013344936,-0.17415147378051743
2001-11-11,-49.76544821327512,9.578504513595112,34.20323934566779,-1.1622411629543126
2001-11-12,-47.03077074083365,10.177732521742207,35.50131786270584,-2.1252990043934843
2001-11-13,-46.40499229940543,8.494057118644516,35.98376352096552,-1.0073978037348155
2001-11-14,-46.089333561263096,6.941724766563322,36.906218978640794,-0.46111407945993166
2001-11-15,-46.075498211914,8.66830745098415,34.934817487577256,1.1123987735194247
2001-11-16,-45.48523405343738,8.963735589305978,33.67321492529004,0.6604804961919484
2001-11-17,-46.2097369993657,8.00418626820764,33.93548303947282,0.6658437299356814
2001-11-18,-46.203585053168844,8.001324798546722,32.93684209437478,0.6296232466224361
2001-11-19,-45.16411252639668,6.84560246963963,34.40697560938306,-0.4540760589302244
2001-11-20,-44.04452055072651,6.914093320577372,32.782170741518215,-0.17144239310109277
2001-11-21,-43.72559650884227,6.347937549738508,32.99793534538012,0.10631429711664647
2001-11-22,-45.090913448791234,5.792006541771455,32.363552410242924,-0.02448138556680529
2001-11-23,-44.604976023219486,6.179713379234824,32.335765677411494,-1.0206306485763033
2001-11-24,-44.21950121067953,6.381840922568848,32.72820593604711,-2.268879749164818
2001-11-25,-45.220756159766175,5.7688687830175756,33.49557265499743,-3.385139618163481
2001-11-26,-43.98041846341292,4.5518194655619375,35.12096214864844,-2.9736432990568185
2001-11-27,-44.971119956969694,5.719848348296646,35.17891329227202,-4.030668348790749
2001-11-28,-44.5190596670272,6.482542332040193,34.593354661160426,-5.184072392063036
2001-11-29,-45.50526491945309,5.893861703737639,33.662299299900994,-6.175458535958763
2001-11-30,-46.740590140726454,5.810332998152283,34.10849048329641,-6.399318758778627
2001-12-01,-47.030883669474804,7.107101103899081,33.37597540594744,-6.460288231132202
2001-12-02,-48.02522148288029,7.222766319882672,33.32222279842173,-7.146906183443605
2001-12-03,-46.32766958133045,8.058387595085408,33.278782000848224,-6.8476307274308255
2001-12-04,-46.422180303736845,8.416550355743313,32.45858019670529,-6.567793949485415
2001-12-05,-46.665200483926405,7.806193992015226,32.642394260457706,-5.119421860784655
2001-12-06,-46.2938934144594,9.100296676843426,32.32035763687583,-6.419013443441135
2001-12-07,-46.6812466277959,8.840970424661208,29.94579494964903,-6.530623728346418
2001-12-08,-45.41048114121419,7.272111297122839,29.460951309374597,-7.246458658120114
2001-12-09,-45.23370009161847,5.441849525414284,28.87123286701366,-5.543176538427749
2001-12-10,-46.801434308746394,4.800007866489588,28.67379052589471,-4.941885994307856
2001-12-11,-46.75714659962573,3.8330298344612714,26.641967149857372,-5.805452283811184
2001-12-12,-46.90496380245305,5.779671867827228,26.198580809129528,-6.405797269062495
2001-12-13,-48.105991897520326,3.7960997498771536,25.411178843544388,-6.807428896034335
2001-12-14,-48.44517147203122,2.94830925798252,26.38575939479014,-7.611174026914084
2001-12-15,-47.285365160037145,1.5303510885765135,26.645882567511528,-8.37236540428494
2001-12-16,-46.62024672713012,1.8613378494448896,26.789999442562625,-9.10629737731576
2001-12-17,-44.86559321085072,1.9783170287568677,26.544584976057166,-8.000174448373686
2001-12-18,-45.68132638595753,2.4564556302928313,28.89629289095579,-8.163812557902062
2001-12-19,-43.94427051069076,3.341209591576777,27.705856736876534,-8.514000138543805
2001-12-20,-42.908078075229135,4.182016328245756,29.00797477711592,-8.753301828856005
2001-12-21,-42.90630602761161,5.0725934197926845,29.74278832931362,-8.055349667715445
2001-12-22,-42.174279269910876,3.492818709831799,30.722721375915196,-8.619991014999854
2001-12-23,-43.90133697189628,3.7209295598804664,32.07933307449557,-9.090210585369784
2001-12-24,-43.87116083664797,4.839435958521889,32.397709746217345,-10.503548187392148
2001-12-25,-44.11661459781861,5.228243525978045,32.847157413278815,-8.522624133965973
2001-12-26,-44.23093703963925,6.733573054899806,32.0971012010919,-9.88449473768421
2001-12-27,-44.84724300104079,7.110021724659174,32.16415893611688,-9.953584464209914
2001-12-28,-43.60543031324111,8.727905530326924,32.952145569313906,-10.889680064583253
2001-12-29,-43.26804314651989,8.538557015063212,33.07295627111882,-10.467530525097924
2001-12-30,-44.68710153819168,9.069885181236351,35.1759406127702,-11.982411681712032
2001-12-31,-43.6725826541937,8.918908043010761,35.25684993700885,-13.74613703280303
2002-01-01,-42.436024158543134,7.10997708877404,34.63063854040434,-13.180525343617724
2002-01-02,-43.516329301071664,6.615212919633656,34.71532210186047,-13.680876822260645
2002-01-03,-45.526387430567915,5.458404564702819,33.35673717924663,-14.37601049580887
2002-01-04,-48.42835126335946,4.493003824724665,32.52840778939645,-13.848438046947889
2002-01-05,-48.42455455575646,3.9886782725498544,33.44781199745174,-14.766903255153803
2002-01-06,-48.74439278001652,3.0038517005760332,33.465306759018695,-13.750915042747259
2002-01-07,-47.748996425175356,2.1779321683249018,32.586808032529916,-13.121957866924813
2002-01-08,-49.455404588024344,-0.18510005839668908,32.548085822330584,-11.853600544366625
2002-01-09,-49.64933520589858,0.8451302322466427,32.46724014582751,-13.244326070091041
2002-01-10,-48.50329946806111,3.386605154975234,29.882293081572943,-12.585819195294237
2002-01-11,-46.87008749968928,3.6768831469370595,28.316638201346493,-11.752815684425654
2002-01-12,-46.17998630672389,3.4469393908147117,27.98630693676505,-10.422694921067551
2002-01-13,-46.1466233607481,3.4254751067310383,27.990375165722917,-11.148220953669476
2002-01-14,-44.965945637784415,2.2651889558733735,27.57076741847467,-11.236516095828295
2002-01-15,-43.807328017359026,2.2823096103214655,25.84560653010039,-12.01699910344663
2002-01-16,-44.232296348333456,1.6469103225355401,26.015015157490414,-11.172840375642833
2002-01-17,-43.51781635127784,1.3380239428516154,26.958803185843404,-12.17346212877463
2002-01-18,-43.20046588285206,1.5030149356495945,26.689321093329657,-10.88919237602477
2002-01-19,-41.90761424840403,2.077697511891288,25.6655217197437,-10.582877730027501
2002-01-20,-42.65310905719009,1.690692127129735,25.209014473889226,-9.426547946536362
2002-01-21,-43.39136477439422,1.8505559588133147,25.006510315152372,-9.5793790795744
2002-01-22,-43.62775944880976,2.715521939098529,26.50643680791354,-8.645630220437463
2002-01-23,-42.75892362019833,1.8107793433065407,27.68041826750292,-10.153904132376406
2002-01-24,-41.3821258825373,1.9143529049846566,27.31677907968271,-11.289337355924257
2002-01-25,-41.71176750333229,0.5349502700075155,27.12896749479505,-10.201129864503113
2002-01-26,-42.21093409355804,-1.0617283576020606,28.360385858775288,-9.625078857511497
2002-01-27,-44.48596481550283,-2.2194325691132404,28.801632133160577,-9.409023782247806
2002-01-28,-44.00140704871425,-2.021339486758044,28.781766854146436,-9.105161853278654
2002-01-29,-44.302625585612084,-1.5125507151101778,28.60692840044224,-8.502279490910658
2002-01-30,-42.80511023370787,-1.644679674327913,28.153792226831296,-8.489253771309658
2002-01-31,-40.45189027312047,-0.7486797813631875,28.198464168291494,-7.961543171447519
2002-02-01,-40.99133000256818,-1.5669650068732957,27.841553215081817,-7.491239479324174
2002-02-02,-41.199677379480946,-2.7001865434519954,26.129025499380226,-6.657843344259108
2002-02-03,-40.79649126175178,-0.18294584753175158,26.08539991023944,-5.760434655287321
2002-02-04,-40.35245783810393,-1.7241437713341565,25.50884705931194,-5.86836428736937
2002-02-05,-39.60040669244788,-3.1625591982326187,25.458400949511322,-5.105777365492263
2002-02-06,-39.68445942421161,-3.763813944605033,26.501355297720345,-3.333415252810786
2002-02-07,-39.206547317512964,-3.4258680192877815,26.850231009057772,-2.8645062411627444
2002-02-08,-39.799338071620575,-3.9593362058489436,26.553638907208626,-2.087481006222146
2002-02-09,-39.55928796783792,-2.9360114135444952,26.392265511553074,-1.0860941574434528
2002-02-10,-40.12498040119307,-4.398501579880135,25.830935917257733,-0.16800405454947553
2002-02-11,-40.8062883004215,-4.672821712244622,26.316876922047904,-1.3590255132562286
2002-02-12,-39.954804502902604,-3.5608732475534017,26.809071664069787,-2.3354395633578515
2002-02-13,-38.11186720985429,-3.0769057927205754,26.981715325884828,-2.999174686517705
2002-02-14,-37.565846217167106,-2.6091693208567905,27.68628225722082,-2.9492683670888273
2002-02-15,-38.28460224041705,-3.6107928798423656,28.780102425481378,-4.33884648627448
2002-02-16,-40.3946809639564,-3.857785864678277,29.895561736351603,-5.121288475699388
2002-02-17,-39.362567543041024,-3.3560555699216406,29.60452536626869,-4.6109800173120385
2002-02-18,-38.3685630410063,-0.1700073304349301,31.119359916655274,-3.8513455223448867
2002-02-19,-37.89048570071475,0.674195237706517,32.63476203193655,-4.853897169113418
2002-02-20,-39.72161172542652,-0.503127462400289,32.058201103874346,-5.423154591561357
2002-02-21,-39.50321727210299,-1.260011994408948,31.391665028603025,-7.446046509726312
2002-02-22,-40.341022600602265,-2.791550723448757,32.38719638705555,-7.156320326775305
2002-02-23,-39.41833276728218,-4.892004039538243,32.22930286961781,-4.990810353560143
2002-02-24,-38.53351172116696,-5.650733763032413,33.592938798488525,-6.214674054920034
2002-02-25,-38.75195749985105,-5.788654919375999,34.57606886421524,-5.20770720665004
2002-02-26,-39.995602689518606,-6.3133865836870235,35.43367421184107,-4.644978939878152
2002-02-27,-38.921493112962665,-6.050664611464138,36.634910488856725,-5.664091861226686
2002-02-28,-38.72363755310567,-5.405003102570989,36.731151040537284,-4.785693115740842
2002-03-01,-39.2157663704718,-4.508290753820472,35.5352525425079,-6.246285261574015
2002-03-02,-39.15695524647098,-5.412649096200236,36.45353162599738,-8.029106392800077
2002-03-03,-39.125778385360334,-6.814416227941864,35.885097557355095,-7.962034967634741
2002-03-04,-39.69721761064549,-6.127253244015097,35.06615297315458,-7.863351315034922
2002-03-05,-40.765660940408786,-6.165005220155467,35.08330086268193,-8.349520988323858
2002-03-06,-40.21115432020114,-6.918905629332062,34.55766595010732,-6.945379557635231
2002-03-07,-42.82482961898503,-7.1992995817761605,34.084637403209946,-6.249272333423973
2002-03-08,-42.4167774504778,-7.029900290738628,34.970600165279066,-5.606086334696028
2002-03-09,-43.09457613070449,-7.150775503456041,35.77541760109827,-7.077783753849103
2002-03-10,-42.982391343051596,-6.992677974611268,36.59821800842168,-7.384718620270244
2002-03-11,-44.69141708610021,-7.120953987746692,38.06300674039985,-7.557458613630046
2002-03-12,-44.52272252962365,-8.915012562469633,37.936192382787425,-9.25220119469875
2002-03-13,-44.585577001405255,-6.967532369881901,37.2968885314342,-9.155972362419227
2002-03-14,-46.32709494253883,-6.202758354571287,36.11516651224169,-9.750788968194483
2002-03-15,-46.40083029082594,-6.940675831016988,36.31457351032086,-10.516256168233015
2002-03-16,-45.855397630183596,-6.289921975299259,38.38442861873567,-10.111209939238572
2002-03-17,-45.25701890350998,-5.8184713955939005,39.26609424903239,-10.365183846498965
2002-03-18,-45.715433476689554,-7.220247180906365,40.90226028574671,-10.825417444401012
2002-03-19,-46.18463989424168,-5.96226553260168,40.57110990527914,-10.340978697802639
2002-03-20,-45.37258563942522,-4.97831581725702,40.590184868180415,-10.624916277692398
2002-03-21,-45.091773298681694,-5.4257638473033305,42.84153606771816,-11.228377599818012
2002-03-22,-46.45703624874062,-5.1702296291100245,42.60829765892145,-9.289186902129785
2002-03-23,-44.92260790320717,-5.492827339250295,42.3340744483382,-9.181125046838444
2002-03-24,-46.27402359220819,-2.842717733179498,43.73275111510973,-9.638760548182304
2002-03-25,-46.306775185845765,-2.6889393655523084,41.67895016194916,-9.145824142761757
2002-03-26,-47.004153636516506,-2.659120314824621,41.70333616813428,-11.510003355635504
2002-03-27,-45.565901430489774,-3.24834112805602,43.118492564335384,-12.493644370318766
2002-03-28,-46.75761713563689,-3.4464743157085693,43.32731428308371,-11.464608392280407
2002-03-29,-47.4571823735508,-4.010656737878877,42.54948849289942,-10.118757037453369
2002-03-30,-48.71578167286134,-3.995094107024527,41.86907862942209,-11.445872665227675
2002-03-31,-48.27382920641704,-3.045304748828011,41.246136912748405,-11.585383330849362
2002-04-01,-47.50033131321385,-3.886564096797479,42.28049741262275,-12.464316274108322
2002-04-02,-48.80764352845413,-4.28884972266799,44.00631727121465,-10.9390145267624
2002-04-03,-49.13683596987838,-3.334946435691247,43.13451692456993,-10.333921789963012
2002-04-04,-48.66091433461967,-4.608852601467535,43.68245103158533,-11.210322414985948
2002-04-05,-49.11137845339063,-5.806122258379409,43.876158094039575,-11.951608973476844
2002-04-06,-49.24170523551085,-6.186198883780172,43.96331834914629,-10.917784198087611
2002-04-07,-49.5923025030407,-5.513351095611825,44.477263476902095,-11.527414792159426
2002-04-08,-48.891657781618754,-5.415645312652306,45.07968345179317,-10.46535281830105
2002-04-09,-48.85592510276385,-6.029627267747751,43.419414447079525,-8.930001510248182
2002-04-10,-49.10735633938305,-5.093973302791498,42.22881388789654,-7.912674379201258
2002-04-11,-48.18826020609872,-4.216829858839876,43.159217224299304,-7.464879759681609
2002-04-12,-47.00844422714338,-5.8480197426285505,41.98891820428244,-9.274494898406786
2002-04-13,-47.598880834191355,-6.463903402779451,43.580436533695384,-10.117077806976763
2002-04-14,-48.05132296332367,-6.753319978938889,43.21770653191972,-12.139670028626668
2002-04-15,-50.2422220804399,-6.358439908521747,44.45721005142904,-12.417372697616862
2002-04-16,-49.87474249635634,-7.184598447306347,44.37121677899686,-12.35067172554488
2002-04-17,-49.07792776317655,-7.497911760811319,43.68628263142975,-11.198546946986
2002-04-18,-48.88115777432642,-5.977726350647815,41.40331265248538,-10.176923725064253
2002-04-19,-48.93870307520126,-4.789586137670235,42.888302125520816,-11.00313742943822
2002-04-20,-48.736431542439306,-3.834364722309436,42.02832739456985,-12.353486940568365
2002-04-21,-47.5008123431101,-3.266914638069864,41.18246506639394,-12.601146307957832
2002-04-22,-46.38473934501726,-3.4816286483669874,42.09633723152168,-12.706370143065149
2002-04-23,-48.04031253438137,-6.043451118480803,40.97963763308569,-10.37791253737101
2002-04-24,-46.68963334478235,-7.092133440256464,40.27425498254523,-10.299569216613936
2002-04-25,-45.26897822363978,-5.143474157492334,40.4736175182363,-11.190529568366209
2002-04-26,-46.537840537544746,-5.8708104796117615,42.49484246757748,-12.464652524496543
2002-04-27,-46.11902363155958,-5.966298800970039,43.556714906833804,-14.572458546194138
2002-04-28,-46.58574128350404,-4.726045488378453,44.71819925476932,-16.173291312991715
2002-04-29,-46.370777654051665,-5.6933729678116745,44.825295036936176,-16.328847429154052
2002-04-30,-47.102165004472106,-5.56135548167219,45.48414973954435,-14.475005089170498
2002-05-01,-46.58913180530132,-6.566915323045913,45.93439486411045,-15.420763986639333
2002-05-02,-47.134519103755416,-6.50076798944136,46.236023142179654,-13.171652628675526
2002-05-03,-47.8143558002942,-6.518334404621246,46.122055745277,-12.040300163418813
2002-05-04,-46.296629930461286,-5.896989613471877,47.12743262164493,-13.218022898904
2002-05-05,-47.84695747869731,-5.934898117946685,46.27035004748958,-13.093248698806933
2002-05-06,-46.97987524520983,-6.8368541325587495,46.15600871408977,-12.98687423441904
2002-05-07,-46.866535100920174,-6.079520559028634,47.69584761626312,-14.392792368388097
2002-05-08,-47.97528683635723,-6.016803883332806,47.24348731191257,-14.440785020586699
2002-05-09,-46.86657134944357,-6.716082019825889,47.45507732404308,-14.812394634510417
2002-05-10,-47.763501014894906,-6.7987178368278105,47.67418827534445,-13.982135600751429
2002-05-11,-48.15508413547048,-7.406130894568982,45.68556318269295,-14.380467155633688
2002-05-12,-47.39165200963905,-6.919419229837617,45.82335765251935,-13.440277735377327
2002-05-13,-47.5404188092102,-5.278541679184896,46.22926481212922,-13.999049918545959
2002-05-14,-48.67221289981474,-5.398220152816099,44.78852656021132,-13.252730925462942
2002-05-15,-47.66065558945225,-4.373943469977204,45.4809367935398,-13.4526890911291
2002-05-16,-48.582845288856355,-3.9817021329259443,44.91965240349318,-12.315468037365584
2002-05-17,-48.66158853490792,-3.9164245263831803,45.742608769635076,-13.225914528469936
2002-05-18,-47.27479379021112,-2.7052938953136816,44.41701108990344,-13.15717039422284
2002-05-19,-46.73448213498333,-2.013200340912168,44.97683431976558,-14.405269295924022
2002-05-20,-47.22335619137619,-3.7400694669459345,45.07713859025828,-13.684535449875247
2002-05-21,-49.065205039848685,-3.5707668141756472,45.6663603973821,-13.519488172347849
2002-05-22,-48.813253631047914,-3.069142018674994,44.54672283343144,-12.476289483508948
2002-05-23,-48.78966789743754,-2.8222817542280176,44.07869633023754,-14.929023498742463
2002-05-24,-50.229709544596496,-1.407725791508178,45.54732433544525,-15.184314985082239
2002-05-25,-48.974414875996224,-1.9051865252326579,45.3728350893037,-15.485035262019663
2002-05-26,-48.310911390376845,-2.5544489517044475,45.741242873798754,-15.902898111097219
2002-05-27,-48.24145950076884,-0.8171269088227622,45.518271336291534,-17.494047088606106
2002-05-28,-47.97287889544176,-1.4511505781969563,45.4469910247276,-17.35134005338067
2002-05-29,-48.068045597904636,-0.7426075447828123,46.91408820730851,-17.61977710689263
2002-05-30,-49.02710785044903,0.23615717907138878,45.69806974867794,-17.40954168260527
2002-05-31,-47.96408437999004,0.7857997042623164,45.77945331711487,-19.46747064047107
2002-06-01,-46.86761692368335,0.5953213180229314,45.0020649645832,-20.51641495286797
2002-06-02,-46.59391420923912,-0.9603683643979127,43.5495771333937,-20.29852936283702
2002-06-03,-46.52736532113484,-2.057289427916411,44.20448436563402,-19.735791782765045
2002-06-04,-46.669915071186246,-1.4960075842307723,44.5490817732352,-19.66699039264996
2002-06-05,-47.16464539538688,-1.6941446222211156,43.67197252430336,-17.93251627071775
2002-06-06,-47.02630993190426,-1.400748503326414,43.463796421021236,-15.595587767652606
2002-06-07,-46.74847341059482,-0.4581641602151334,42.52480941358045,-14.471940508062598
2002-06-08,-45.65984770738618,-1.4134061789803627,43.42773506511815,-14.874210481864218
2002-06-09,-45.41991155477933,-1.0473356422049462,43.74086249723239,-15.197133925241086
2002-06-10,-45.3375610314283,0.3728339190796779,43.19059012663434,-14.823377531602985
2002-06-11,-46.37855153689102,0.9785706529470648,43.68976099355008,-15.424080999515006
2002-06-12,-47.20974414138165,1.2608578527869558,42.28220494315164,-15.18752885257463
2002-06-13,-47.28583287493923,-0.5134004693241689,42.40439085206186,-15.236624322582948
2002-06-14,-46.263259452600764,-2.0393999409860992,43.06066720969149,-15.213790859329654
2002-06-15,-45.6026946263191,-0.7408750801720343,43.72894093493917,-15.742797765896787
2002-06-16,-45.68649059262516,-0.3289947493677741,46.53334314158937,-15.734789905740742
2002-06-17,-46.993982065511915,0.8977838454280833,46.502602577977996,-15.376535686158482
2002-06-18,-47.174258275569315,1.2325496723111735,47.856780212049145,-16.364363540540833
2002-06-19,-46.26021309964441,1.4380541799510338,47.14960330256294,-17.534690711312244
2002-06-20,-45.92805873216427,2.3154203769572317,47.017196360899916,-19.121411459218653
2002-06-21,-46.25611429144032,3.098164401282881,46.710263774969484,-19.662413173806875
2002-06-22,-44.047208469832505,1.5488821158784771,47.239906293451476,-20.70218174736683
2002-06-23,-45.13530962125688,1.165384808255649,48.456347748880546,-20.201334020097978
2002-06-24,-44.82054007916884,0.6093624066915386,48.91268668158888,-20.946397429527117
2002-06-25,-44.53189904528114,0.4299379687956578,48.04087105104318,-20.34581454927198
2002-06-26,-46.15978210451944,-0.08125466427761285,45.73007408195584,-19.962901636144608
2002-06-27,-46.7737442110082,-0.2867236169320456,45.690601498552624,-18.587142198564088
2002-06-28,-47.85947742803954,0.7613749798925041,46.4540252409249,-18.537665443913582
2002-06-29,-46.55676974319724,0.9482101027285567,47.040835341943065,-20.115214338959795
2002-06-30,-45.45661575731177,1.3517942893612445,48.49985114471489,-20.994906086678316
2002-07-01,-45.001354873090825,2.6225897290477937,48.21263152809584,-21.270207129589334
2002-07-02,-45.57276656923706,2.083262522579367,47.91231791220588,-21.477136404331446
2002-07-03,-45.972760089224025,2.6219900478984486,47.37044763985784,-21.80217833326402
2002-07-04,-47.22663194710299,3.518104609501007,47.647049777356685,-24.034545628921162
2002-07-05,-47.33291105015898,2.8654757702545384,47.878124213271704,-24.836641512185423
2002-07-06,-49.50150607506376,4.3242328599387365,49.225403669020125,-25.75662222914029
2002-07-07,-49.87874267239717,4.707305515121574,49.88302239335268,-24.886668779709918
2002-07-08,-49.7829452505495,3.2048189459970935,49.77316707221901,-23.034992817130473
2002-07-09,-50.12225114639578,1.7484936074657673,49.33813619888686,-24.98876680788853
2002-07-10,-51.03766685638971,2.418627027215149,46.57388985770375,-24.141590205375234
2002-07-11,-52.03716269519618,2.137260828588425,48.22975978944801,-24.047521495864743
2002-07-12,-52.29272855998426,2.510910979717676,50.0651903900694,-25.35045701422817
2002-07-13,-53.82575433728093,3.954265975421112,49.07218642732253,-24.747880740817415
2002-07-14,-53.73292167411247,3.9863171583257464,48.95577856498798,-24.427441213032676
2002-07-15,-55.3154785240535,3.598635141064514,49.93143591071716,-25.018146884130598
2002-07-16,-54.75097498525638,1.7477938083276874,49.21523989811888,-25.88740967261807
2002-07-17,-54.90282322924705,1.5872038719892239,48.77556145974202,-25.20225705377609
2002-07-18,-54.410508963058504,1.5465508747461025,48.22089866399238,-26.25084256800703
2002-07-19,-55.24350879666127,3.2870270091118288,49.31620193817136,-26.077947207745144
2002-07-20,-54.099025068444824,4.265661832100394,48.86730893522334,-25.186902001579526
2002-07-21,-53.131711685080056,3.9380430774924746,48.93692310776554,-24.95789018204537
2002-07-22,-53.374454336035356,3.067172159321917,48.83087401216824,-23.678330217681864
2002-07-23,-52.72344218534759,2.958702411830872,49.951899765802345,-21.728085306117272
2002-07-24,-53.166143895401135,2.187812081323872,48.736622950462,-20.311974775612175
2002-07-25,-54.733333417394114,2.404382167110261,47.59013342638252,-18.944304084231003
2002-07-26,-54.43531367547079,3.123667532872721,47.6082291825058,-17.8308692676283
2002-07-27,-54.25865922064618,4.300991228169014,47.02438495764751,-16.885285772234102
2002-07-28,-55.152783780875865,4.885563924039727,44.8960303253953,-17.63106151962243
2002-07-29,-54.52901313278252,4.34053223427692,43.002357772765315,-17.179622537249635
2002-07-30,-54.36933679274571,5.390862084171521,41.37419085016317,-16.59230911563365
2002-07-31,-55.08906331938694,4.165675802010405,40.8940076371151,-15.853921083072757
2002-08-01,-55.55484623738856,5.040409923269048,40.08155571196945,-17.69009335661484
2002-08-02,-54.8495820819959,3.176135614349944,40.66169431255775,-18.454786567352198
2002-08-03,-54.702529299982125,2.6489078488187294,41.654126911437494,-18.177660319310043
2002-08-04,-54.876287914833995,3.9330799202843068,42.43863924361418,-17.900781043306623
2002-08-05,-55.15650295019398,4.645094128619579,41.464182761829115,-18.628088230554255
2002-08-06,-54.519243073642535,4.806774903919403,40.81301817892288,-17.648837796257165
2002-08-07,-56.21616753338284,4.4811835214041995,41.94126621610802,-16.263388876384138
2002-08-08,-54.59031212459763,5.128150736548626,41.58940245255693,-16.514505202094156
2002-08-09,-53.61683344970941,6.68918136069574,42.56381698463202,-16.221751830900658
2002-08-10,-53.54190976052459,8.083861791148859,41.90148652674187,-16.29255226890215
2002-08-11,-53.77233825569119,7.120004201171732,41.68092818013169,-17.387130064435627
2002-08-12,-54.548645980039666,7.4608599668026025,42.051382003826966,-18.100347124766063
2002-08-13,-55.349991786396224,8.14403676866198,41.59834331560907,-18.165041168934202
2002-08-14,-54.40743507354831,7.072382646669981,40.7528658993482,-18.79433311620294
2002-08-15,-54.991305165185274,7.828773284151914,41.16200122411042,-17.741855415891767
2002-08-16,-54.36723454550322,5.254729092184011,44.30035146479274,-18.011027037524723
2002-08-17,-54.1387091040475,4.141215594650759,44.54281258916388,-18.703538527257518
2002-08-18,-54.751752954284555,5.008841103767825,43.67603177418842,-19.54172727477157
2002-08-19,-53.60268630105925,4.621724823211769,43.600997118870694,-20.647460186256968
2002-08-20,-54.55081772841048,2.9232167219604195,44.81308079824867,-18.607123161640903
2002-08-21,-54.37313862681866,2.2993900494436486,44.308176293405594,-18.062767528819958
2002-08-22,-55.39887247666766,3.3868975255409643,45.119006342069405,-18.362671219864833
2002-08-23,-53.97199503714628,3.80366981427977,45.155339186803985,-19.91181247521659
2002-08-24,-54.17891459731342,2.9193907631583667,44.777844644822835,-18.832755687006777
2002-08-25,-53.12021653170764,2.6458624548265552,43.41287621241748,-20.550726215226014
2002-08-26,-50.93127228378266,3.2217177030604454,43.76534811971188,-21.368556031353002
2002-08-27,-53.07662377907978,3.197352502199804,41.76065722625335,-22.32060443472146
2002-08-28,-53.38268256489209,5.251976458546402,43.07489992987304,-22.498962058074074
2002-08-29,-52.15847520631774,6.850470202666884,42.78503265805928,-22.404431200775086
2002-08-30,-50.983100337661796,5.745563497460063,44.255762294376794,-21.218313092216636
2002-08-31,-50.467277666690734,5.658878581966437,43.268748043454785,-20.679123850152365
2002-09-01,-50.05603308597251,5.741030708486825,43.96805560020747,-21.48712631071296
2002-09-02,-49.88702481419246,4.750606353643885,43.16389752506142,-19.19630305788917
2002-09-03,-51.531965250902005,5.372201739087935,43.41643421269309,-21.080668997899863
2002-09-04,-51.06763712104663,6.448485824980484,43.11621782459401,-19.685919902059933
2002-09-05,-49.86318868405809,6.277850932797951,44.3815091832677,-20.082798270987208
2002-09-06,-48.63228181445696,6.783859961854438,45.45574097458794,-17.27226978680425
2002-09-07,-47.36995018204666,7.512797017569749,44.50845019486264,-16.255583132901606
2002-09-08,-48.989967200872904,8.158195412160477,43.44397872386271,-15.307312314460624
2002-09-09,-49.977779250924186,6.438916655823961,44.12860328063986,-14.112796300547004
2002-09-10,-49.77956389241321,7.371007721889136,44.994091140964564,-13.055288849708873
2002-09-11,-48.63016534510198,8.525988227698562,44.08369231292722,-13.486059992876905
2002-09-12,-47.28184520670692,9.498130100181475,44.30472188840861,-13.695592553416295
2002-09-13,-46.136334740881495,9.666438283234823,42.90191175623407,-12.524066495320664
2002-09-14,-46.44952689732579,9.54550069679631,43.1674565040711,-12.419678354235955
2002-09-15,-46.12452040075764,8.892189272791647,42.93119844457321,-12.778025765198537
2002-09-16,-43.682634492384,9.890816940792353,44.92378339083685,-12.43165738603569
2002-09-17,-45.014210444742226,10.012766444911586,44.9539336147881,-11.99956124036111
2002-09-18,-44.37758256900012,10.2631393962062,45.484831681079896,-13.886680998881396
2002-09-19,-43.576560028172494,10.463407431887811,45.367702658608906,-12.9503976409861
2002-09-20,-44.881358159421886,9.883742720683742,45.73481547706991,-11.709281247451662
2002-09-21,-45.103564577261544,8.647196306275537,46.29549415223731,-11.219772736121628
2002-09-22,-46.9770068657179,9.225612642875205,44.63449377139514,-10.662135482549814
2002-09-23,-46.32855801196104,8.204830360842251,44.75465678697375,-11.933949722316614
2002-09-24,-46.302699257922114,7.467713800397602,45.987502894660715,-12.408434037136853
2002-09-25,-46.31512031384449,5.98562227398882,44.23262788145194,-12.844803249430244
2002-09-26,-45.23310272945713,7.375269030694399,44.65038663419958,-13.202237378181971
